{
  "accuracy": 0.9591836734693877,
  "precision": 1.0,
  "recall": 0.8095238095238095,
  "f1": 0.8947368421052632,
  "threshold": 0.27999999999999997,
  "confusion_matrix": [
    [
      77,
      0
    ],
    [
      4,
      17
    ]
  ],
  "labels": [
    "ham",
    "spam"
  ],
  "n_train": 389,
  "n_test": 98,
  "n_spam": 104,
  "n_ham": 383
}